Claudio;Pastene;Morales;912365897;bairanax@gmail.com
Maria;Cardens;Perez;984521679;bairanax@gmail.com
Diego;Gajardo;Martinez;945132276;bairanax@gmail.com
Elizabeth;Gordon;Niemeller;974215345;bairanax@gmail.com
Martin;Mena;Alvarez;945315648;bairanax@gmail.com
Jose;Cornejo;Guerra;922534887;bairanax@gmail.com
Maritza;Cajas;Freire;965653215;bairanax@gmail.com
Joel;Gajardo;Fries;984502137;bairanax@gmail.com
Mari Sol;Jimenez;Ross;975400315;bairanax@gmail.com
Maite;Dominguez;Mena;931524967;bairanax@gmail.com
Manuel;Alvarez;Contreras;931325497;bairanax@gmail.com
Eugenio;Vallejos;Castro;977542531;bairanax@gmail.com
Soledad;Matthews;Fritz;931353126;bairanax@gmail.com
Doris;Barrientos;Saldivar;986452169;bairanax@gmail.com
Mario;Aguilera;Mondaca;964851352;bairanax@gmail.com
Javier;Perez;Cotapo;931524645;bairanax@gmail.com
Amanda;Salgado;Cortez;932353136;bairanax@gmail.com
Arturo;Savoy;Kunst;950310246;bairanax@gmail.com
Amparo;Norambuena;Morales;931254870;bairanax@gmail.com
Alberto;Contreras;Contreras;922010360;bairanax@gmail.com
